category,sub_category,name,lat,lon,address,phone,operator,source_type,source_id,data_source
education,kindergarten,오태초등학교 병설유치원,36.07023430643418,128.34960662391063,경북 구미시 금오대로10길 19-9,054-465-1311,,kakao,17188148,kakao
education,daycare,예나어린이집,36.0713756871255,128.348278586063,경북 구미시 금오대로3길 6-8,054-464-1191,,kakao,10632865,kakao
education,daycare,사랑샘어린이집,36.0711392176982,128.35199081767,경북 구미시 금오대로18길 15,054-464-5599,,kakao,9062268,kakao
education,daycare,남구미어린이집,36.0710482414881,128.353982811042,경북 구미시 금오대로24길 36,054-465-0558,,kakao,10189271,kakao
education,daycare,토마토어린이집,36.0719561505936,128.351467557387,경북 구미시 금오대로20길 5,054-464-1943,,kakao,18043849,kakao
education,daycare,라임어린이집,36.07372181517456,128.34767814722497,경북 구미시 금오대로9길 34,054-462-7979,,kakao,27227609,kakao
education,kindergarten,라임유치원,36.0738928422985,128.347855341157,경북 구미시 금오대로9길 30,054-462-7979,,kakao,23537915,kakao
education,daycare,한마음어린이집,36.08677257492111,128.34836498332706,경북 구미시 박정희로9길 21,054-465-0207,,kakao,1420186073,kakao
education,daycare,상모어린이집,36.08741878049019,128.34891781116312,경북 구미시 박정희로9길 14,054-464-8588,,kakao,9814326,kakao
education,daycare,한신어린이집,36.0848847172155,128.352599198288,경북 구미시 박정희로 76,054-465-6515,,kakao,1814236692,kakao
education,daycare,아띠어린이집,36.08673988146779,128.35214582011602,경북 구미시 박정희로 90-14,054-465-2323,,kakao,18434743,kakao
education,kindergarten,색동유치원,36.10697902781701,128.32981065400162,경북 구미시 공원로 343,054-456-3838,,kakao,17472400,kakao
education,daycare,우방신세계타운 어린이집,36.0835173568529,128.355817468346,경북 구미시 상사서로 17,,,kakao,26445540,kakao
education,daycare,색동숲어린이집,36.107128100910316,128.33018185497792,경북 구미시 공원로 345,054-455-3838,,kakao,17303019,kakao
education,daycare,리틀어린이집,36.0882062612147,128.353961748653,경북 구미시 상사서로5길 11,054-465-6646,,kakao,25870513,kakao
education,daycare,아이튼튼어린이집,36.0867258795836,128.356414357315,경북 구미시 상모로10길 40,054-461-9459,,kakao,9271984,kakao
education,daycare,주향몬테소리어린이집,36.1086696250614,128.333372852793,경북 구미시 형곡로27길 13,054-456-1350,,kakao,17061714,kakao
education,kindergarten,주향유치원,36.1084590117987,128.333835712635,경북 구미시 형곡로25길 11,054-456-1353,,kakao,21490182,kakao
education,daycare,글로리어린이집,36.0925139411276,128.35394237858,경북 구미시 상모로5길 35-6,054-464-8818,,kakao,15710360,kakao
education,daycare,세종어린이집,36.088581599787695,128.357584241582,경북 구미시 상모로10길 21-49,054-464-7158,,kakao,27515441,kakao
education,kindergarten,세종유치원,36.08884417552344,128.35747440234988,경북 구미시 상모로10길 21-33,054-464-7151,,kakao,8448874,kakao
education,daycare,베베어린이집,36.1068126597662,128.338276527867,경북 구미시 형곡로34길 7,054-453-2902,,kakao,13013324,kakao
education,daycare,봄빛어린이집,36.1106279658559,128.333601416132,경북 구미시 형곡로 109,054-455-8173,,kakao,15649968,kakao
education,kindergarten,동아유치원,36.10842323624786,128.3383360578815,경북 구미시 형곡로 211-9,054-451-2377,,kakao,8281800,kakao
education,daycare,뷰엔빌어린이집,36.0844579704749,128.36234817272583,경북 구미시 왕산로 28-12,054-462-2877,,kakao,27370389,kakao
education,daycare,동아어린이집,36.1083826135391,128.338423099894,경북 구미시 형곡로 211-9,054-453-3001,,kakao,27505450,kakao
education,kindergarten,맑은동심유치원,36.0971803412863,128.352161471835,경북 구미시 박정희로19길 15,054-463-6122,,kakao,1615782259,kakao
education,daycare,맑은동심어린이집,36.0972234874898,128.35217109406,경북 구미시 박정희로19길 15,054-463-6122,,kakao,10596621,kakao
education,kindergarten,상모유치원,36.0908898497777,128.358262349423,경북 구미시 상모로 71,054-464-9720,,kakao,23538297,kakao
education,daycare,왕산어린이집,36.085151634385326,128.36315948104422,경북 구미시 왕산로 28-12,054-465-6782,,kakao,1230993861,kakao
education,daycare,형곡중앙어린이집,36.11397302413452,128.33116912135802,경북 구미시 형곡동 138-1,054-441-2002,,kakao,25777189,kakao
education,daycare,그린나래어린이집,36.08583716808695,128.3634177830494,경북 구미시 왕산로 28-12,054-462-3616,,kakao,27441967,kakao
education,kindergarten,구미왕산초등학교 병설유치원,36.085873928403856,128.36533351580906,경북 구미시 왕산로 32,054-461-5639,,kakao,11853652,kakao
education,daycare,꿈나무I어린이집,36.08636877920328,128.36627131882108,경북 구미시 왕산로 28-13,054-464-6777,,kakao,969731724,kakao
education,daycare,도레이첨단소재새싹직장어린이집,36.089102668512005,128.36232952014493,경북 구미시 구미대로 20,054-463-1123,,kakao,893234489,kakao
education,daycare,아이나라어린이집,36.09333885618955,128.3578115193158,경북 구미시 상사동로13길 13,054-464-2344,,kakao,7984551,kakao
education,kindergarten,동화나라유치원,36.09368372158727,128.35902769312298,경북 구미시 상사동로 103,054-464-4119,,kakao,21769181,kakao
education,daycare,삼성SDI구미어린이집,36.0943383791236,128.360577872069,경북 구미시 상림로 91-4,054-461-0300,,kakao,26351180,kakao
education,kindergarten,해맑은유치원 (휴원),36.0894785591145,128.430892694726,경북 구미시 인동36길 59,,,kakao,10021191,kakao
education,daycare,우리어린이집,36.0905311606852,128.428167219954,경북 구미시 인동32길 58-10,054-471-1626,,kakao,9950327,kakao
education,daycare,푸르지오어린이집,36.0905740801927,128.432422505973,경북 구미시 인동36길 31,054-471-0885,,kakao,10026788,kakao
education,kindergarten,킨더하바유치원,36.08929489053716,128.44379922585108,경북 구미시 인동52길 42,054-476-6605,,kakao,23538861,kakao
education,daycare,꿈동이어린이집,36.0901547819717,128.440937185788,경북 구미시 인동46길 21-44,054-475-1583,,kakao,15538687,kakao
education,kindergarten,진평초등학교 병설유치원,36.0913508425872,128.427440391853,경북 구미시 인동30길 53,054-715-9952,,kakao,738500684,kakao
education,daycare,통통이어린이집,36.09130491395846,128.4358842617477,경북 구미시 인동36길 23-34,054-476-9877,,kakao,11938608,kakao
education,daycare,킨더바움브레인스쿨어린이집,36.0918164961122,128.429500603591,경북 구미시 인동32길 40-2,054-471-3114,,kakao,803777110,kakao
education,kindergarten,별하나유치원 (휴원),36.09133432559397,128.4405656854993,경북 구미시 인동46길 19,,,kakao,1532164025,kakao
education,daycare,해피아이어린이집,36.0922678428218,128.432453246227,경북 구미시 인동36길 31,054-476-0566,,kakao,12831809,kakao
education,daycare,진평어린이집,36.092328227582,128.429207875268,경북 구미시 인동32길 36-8,054-473-0032,,kakao,10773696,kakao
education,daycare,리더스어린이집,36.0921723574179,128.424741722278,경북 구미시 인동28길 58,054-474-9200,,kakao,20466324,kakao
education,daycare,앤아이어린이집,36.0912417806119,128.442116148145,경북 구미시 인동48길 17-6,,,kakao,198620616,kakao
education,daycare,창조어린이집,36.0907411279599,128.444927057276,경북 구미시 인동54길 20-33,054-473-3597,,kakao,27372463,kakao
education,daycare,키즈스쿨어린이집,36.092346742993854,128.43497168900024,경북 구미시 인동36길 23-31,054-474-5339,,kakao,10816614,kakao
education,daycare,천사들의합창어린이집,36.0919488644355,128.447521675435,경북 구미시 인동54길 9,054-600-7060,,kakao,1050320331,kakao
education,daycare,해님이놀러온어린이집,36.0919911778244,128.444687917444,경북 구미시 인동54안길 6-27,054-472-6336,,kakao,26381950,kakao
education,daycare,영무어린이집,36.09336736612358,128.44459985895892,경북 구미시 인동가산로 337-7,054-471-8552,,kakao,26421760,kakao
education,kindergarten,리더스숲유치원,36.0946059188626,128.446956407962,경북 구미시 인동49길 16-45,054-471-7953,,kakao,19223355,kakao
education,daycare,민들레어린이집,36.0926626342503,128.441311616562,경북 구미시 인동46길 5-7,054-472-7778,,kakao,7883276,kakao
education,daycare,해솔어린이집,36.0923970143018,128.438819733171,경북 구미시 인동46길 10,,,kakao,10926880,kakao
education,daycare,하진어린이집,36.0936065749981,128.440449498549,경북 구미시 인동45길 7,054-474-1314,,kakao,15704584,kakao
education,kindergarten,천생초등학교 병설유치원,36.0940681471592,128.438033014914,경북 구미시 인동43길 8,054-475-5308,,kakao,9427829,kakao
education,daycare,다사랑어린이집,36.092378328948605,128.4349678221595,경북 구미시 인동36길 23-31,054-474-5025,,kakao,9702830,kakao
education,daycare,구평어린이집,36.0955653550833,128.437021031304,경북 구미시 인동35길 28-64,054-474-9780,,kakao,21484816,kakao
education,daycare,"예향어린이집,해피하우스어린이집",36.0934027360082,128.43340205376,경북 구미시 인동38길 5-6,,,kakao,26518515,kakao
education,kindergarten,링컨유치원,36.09499735966756,128.43569162863963,경북 구미시 인동북길 183-20,054-472-2787,,kakao,19652168,kakao
education,daycare,링컨어린이집,36.0950118810589,128.435683010265,경북 구미시 인동북길 183-20,,,kakao,1288747620,kakao
education,daycare,작은왕국어린이집,36.0949290865699,128.433265450139,경북 구미시 인동35길 8,054-472-7673,,kakao,9928961,kakao
education,daycare,키즈킹덤어린이집,36.0929240893898,128.425483644409,경북 구미시 인동26길 49,054-471-8377,,kakao,21207100,kakao
education,kindergarten,장천초등학교 병설유치원,36.1307284045788,128.494660226269,경북 구미시 장천면 강동로 236,070-4821-3618,,kakao,23537371,kakao
education,daycare,구미대학교부속어린이집,36.15216595313632,128.28908871992175,경북 구미시 야은로 37,054-440-1452,,kakao,17590156,kakao
education,daycare,어울림어린이집,36.12857218474511,128.31700622630345,경북 구미시 선기로3길 51,054-457-8864,,kakao,17100247,kakao
education,daycare,국공립남통e편한어린이집,36.1297394253661,128.316572513001,경북 구미시 선기로 77,054-453-0466,,kakao,1581162421,kakao
education,daycare,예쁜꼬마어린이집,36.1293142616636,128.31696641722,경북 구미시 선기로 77,054-451-0099,,kakao,15740596,kakao
education,daycare,에버빌어린이집,36.13989373373566,128.31367700835392,경북 구미시 도봉로 8,054-444-0121,,kakao,9906184,kakao
education,kindergarten,원남초등학교 병설유치원,36.12903378360222,128.3211595042602,경북 구미시 원남로 12-50,054-452-1676,,kakao,10077779,kakao
education,kindergarten,한별유치원,36.1318669875024,128.320177234058,경북 구미시 선기로2길 14-20,054-453-5088,,kakao,8148343,kakao
education,daycare,둥지어린이집,36.148823451554065,128.30829711624443,경북 구미시 봉곡남로8길 7,054-442-6001,,kakao,18294321,kakao
education,daycare,해양놀이방,36.1243019513186,128.32466236398,경북 구미시 금오산로 182-5,054-452-7422,,kakao,14694398,kakao
education,daycare,토미어린이집,36.11476954523358,128.33101486391857,경북 구미시 형곡로12길 13,054-455-8113,,kakao,8559393,kakao
education,daycare,시립금오어린이집,36.1132242428969,128.333836339226,경북 구미시 형곡로17길 17,054-455-6050,,kakao,9849899,kakao
education,daycare,하늘과별어린이집,36.1292937301027,128.32373318616,경북 구미시 원남로 12-13,,,kakao,9590127,kakao
education,daycare,시립아이사랑어린이집,36.1293005941751,128.323764404373,경북 구미시 원남로 12-13,054-457-2533,,kakao,9266239,kakao
education,kindergarten,천사유치원,36.1230799066953,128.329875594038,경북 구미시 산책길 55-12,054-455-1004,,kakao,11546238,kakao
education,daycare,천사어린이집,36.123323724759324,128.3299108075132,경북 구미시 산책길 55-10,054-458-8032,,kakao,17198958,kakao
education,daycare,하늘무지개 어린이집,36.1156423817062,128.336147356835,경북 구미시 형곡로3길 11,054-456-9004,,kakao,17469644,kakao
education,daycare,사랑터어린이집,36.1152788717961,128.336421073845,경북 구미시 경은로 16-13,054-457-8624,,kakao,8275707,kakao
education,daycare,미소몬테소리어린이집,36.13332860927221,128.3249940378991,경북 구미시 송동로2길 43,054-441-8116,,kakao,802220229,kakao
education,kindergarten,분도유치원,36.12635076229591,128.33330531242103,경북 구미시 원남로 120,054-452-3977,,kakao,21521613,kakao
education,daycare,형곡어울림어린이집,36.11863130085226,128.33809946551358,경북 구미시 신시로 121,054-458-1133,,kakao,869471570,kakao
education,daycare,꼬마성어린이집,36.108853697097,128.341744910775,경북 구미시 형곡로 240-1,,,kakao,11018692,kakao
education,daycare,아이편한어린이집,36.142737702611406,128.3149932039329,경북 구미시 도봉로5길 13,054-444-7111,,kakao,9892457,kakao
education,kindergarten,문화유치원,36.141086353445644,128.31790419956405,경북 구미시 도봉로 57-2,054-443-9966,,kakao,8467796,kakao
education,daycare,아띠랑어린이집,36.14255600460437,128.31807765958052,경북 구미시 도봉로5길 21,054-444-0432,,kakao,19118617,kakao
education,kindergarten,목장유치원,36.1162006353193,128.341669994601,경북 구미시 신시로12길 19,,,kakao,26272744,kakao
education,daycare,국공립인성어린이집,36.118189564535385,128.34157944221968,경북 구미시 백산로4길 34,054-451-2528,,kakao,9407607,kakao
education,kindergarten,브니엘유치원,36.122471949952,128.339470856353,경북 구미시 박정희로 599,054-458-5700,,kakao,1246366423,kakao
education,daycare,브니엘어린이집,36.122482811249085,128.33946659800503,경북 구미시 박정희로 599,054-458-5703,,kakao,27370677,kakao
education,daycare,탐구나라어린이집,36.142738366623185,128.31968389707805,경북 구미시 도봉로5길 33,054-444-0466,,kakao,10819247,kakao
education,daycare,다인어린이집,36.1233652898774,128.339845912202,경북 구미시 박정희로 599,054-600-6612,,kakao,14496551,kakao
education,daycare,한빛어린이집,36.14201703141011,128.32192825246574,경북 구미시 송동로 105,054-442-5257,,kakao,11219925,kakao
education,daycare,국공립아이파크더샵어린이집,36.1296319231916,128.336044561995,경북 구미시 금오산로6길 12,054-608-0612,,kakao,2098525091,kakao
education,daycare,한사랑어린이집,36.1230500136366,128.340640278613,경북 구미시 박정희로 599,054-456-7676,,kakao,15971112,kakao
education,daycare,유성어린이집,36.1396523970817,128.326089135994,경북 구미시 개화2길 19-2,054-444-9800,,kakao,9334949,kakao
education,daycare,한송이몬테소리어린이집,36.121198395657245,128.34198828506328,경북 구미시 백산로 81-5,054-444-1325,,kakao,8611455,kakao
education,daycare,킨더나라어린이집 별관,36.1433480428534,128.321027331466,경북 구미시 송동로7안길 8-1,054-458-3977,,kakao,2010609833,kakao
education,daycare,송정1어린이집,36.11589813200841,128.34614289725207,경북 구미시 신시로10길 64-9,054-457-4589,,kakao,27515548,kakao
education,daycare,사곡단영어린이집,36.09873177605808,128.35546035911435,경북 구미시 박정희로 236-8,054-462-5822,,kakao,17298375,kakao
education,daycare,온유어린이집,36.09872295138,128.35552349939206,경북 구미시 박정희로 236-8,054-976-9141,,kakao,26463396,kakao
education,daycare,예슬어린이집,36.1007328799174,128.356126560274,경북 구미시 상사서로25길 21,054-462-1151,,kakao,9313362,kakao
education,daycare,하늘정원어린이집,36.0965876012098,128.356765945933,경북 구미시 사곡로1길 19,054-472-3333,,kakao,18127862,kakao
education,daycare,구미YMCA어린이집,36.1196392242187,128.345540358235,경북 구미시 송원동로 11-16,054-452-5227,,kakao,8766156,kakao
education,daycare,토토와숲속마을어린이집,36.09780918460673,128.3591831291983,경북 구미시 사곡로5길 33-1,054-465-1553,,kakao,8569117,kakao
education,daycare,주사랑놀이방,36.118545024341,128.350204245614,경북 구미시 백산로 153,,,kakao,15497378,kakao
education,kindergarten,구미사곡초등학교 병설유치원,36.09988272548389,128.36053133922627,경북 구미시 상사동로24길 9,054-463-2165,,kakao,23538296,kakao
education,daycare,구미초콜릿어린이집,36.1037756101442,128.382261181529,경북 구미시 1공단로9길 30-12,054-462-5383,,kakao,17402758,kakao
education,daycare,초록들어린이집,36.103053882051455,128.38358106534577,경북 구미시 1공단로9길 30-12,054-600-9004,,kakao,26548877,kakao
education,daycare,로뎀나무어린이집,36.10302849214041,128.38398482037132,경북 구미시 1공단로9길 30-12,054-465-1200,,kakao,18548648,kakao
education,daycare,보배어린이집,36.10376354487211,128.3843985879075,경북 구미시 1공단로9길 30-12,,,kakao,14586882,kakao
education,daycare,햇살눈이어린이집,36.10403097147743,128.3843388744253,경북 구미시 1공단로9길 30-12,054-462-2000,,kakao,27371650,kakao
education,daycare,광평어린이집,36.10369849405741,128.36541206417036,경북 구미시 구미대로 186-19,054-462-8279,,kakao,17888850,kakao
education,daycare,이든어린이집,36.103091748361145,128.36488298584885,경북 구미시 구미대로 186-20,054-463-0100,,kakao,22716213,kakao
education,daycare,I조아어린이집,36.1012179623819,128.361029622508,경북 구미시 상사동로28길 11,054-465-9795,,kakao,15499709,kakao
education,daycare,비산어린이집,36.1206675117133,128.376226338803,경북 구미시 비산로1안길 24,054-462-0090,,kakao,9064846,kakao
education,daycare,효성행복어린이집,36.120355615238374,128.37285884857639,경북 구미시 신비로 100,054-607-8004,,kakao,1535357962,kakao
education,daycare,효성해링턴어린이집,36.1202458991692,128.37213166113,경북 구미시 신비로 100,054-463-9394,,kakao,1104937844,kakao
education,daycare,LG Display 동락원어린이집,36.111903195945,128.402167213739,경북 구미시 수출대로 337,054-714-3227,,kakao,1479216634,kakao
education,daycare,랑랑어린이집,36.12133038613699,128.3728813756242,경북 구미시 수출대로3길 118,054-464-6600,,kakao,1008645525,kakao
education,daycare,해나어린이집,36.12165088925634,128.37345785870193,경북 구미시 수출대로3길 118,054-463-1245,,kakao,27372257,kakao
education,daycare,강변파라디아어린이집,36.12160787059587,128.372808458323,경북 구미시 수출대로3길 118,054-461-6638,,kakao,620296432,kakao
education,kindergarten,예일유치원,36.12107709656877,128.37068445034632,경북 구미시 신비로9길 10,054-463-6904,,kakao,9319173,kakao
education,daycare,어린왕자어린이집,36.122180736897434,128.373223843354,경북 구미시 수출대로3길 130,054-465-4416,,kakao,17144812,kakao
education,daycare,우림주연어린이집,36.12214482295973,128.37258344810616,경북 구미시 수출대로3길 130,054-462-3655,,kakao,27368780,kakao
education,daycare,예랑어린이집,36.1226512187307,128.372351238702,경북 구미시 수출대로3길 130,054-462-8622,,kakao,9281630,kakao
education,daycare,우림필유관리동어린이집,36.122928284475925,128.37302249516267,경북 구미시 수출대로3길 130,054-463-0999,,kakao,18560924,kakao
education,daycare,윤설어린이집,36.12373520717771,128.37573563132128,경북 구미시 낙동강변로 761,054-463-0555,,kakao,307206344,kakao
education,daycare,하늘어린이집,36.1170785229061,128.401001996926,경북 구미시 임수로 81-1,054-471-6641,,kakao,8643351,kakao
education,daycare,엄마품어린이집,36.100782840818184,128.43040034605883,경북 구미시 인동19길 36-11,054-473-1259,,kakao,1923874007,kakao
education,daycare,아미어린이집,36.1013420595417,128.42990413768,경북 구미시 인동17길 36,054-604-1115,,kakao,26942296,kakao
education,daycare,아기나무어린이집,36.098301501586484,128.4294626282615,경북 구미시 인동21길 18-1,054-473-6264,,kakao,22000831,kakao
education,daycare,하나둘친구어린이집,36.1010625482085,128.428255671019,경북 구미시 인동17길 27,054-475-1279,,kakao,25776413,kakao
education,daycare,피노키오어린이집,36.0950225979301,128.425730289963,경북 구미시 인동22길 31-6,054-474-6601,,kakao,18951866,kakao
education,daycare,서한어린이집,36.10430103064847,128.42403239708867,경북 구미시 여헌로 21-11,054-472-3655,,kakao,13015279,kakao
education,daycare,예림어린이집,36.098144227263404,128.42193039094698,경북 구미시 인동14길 34,054-475-3939,,kakao,17096863,kakao
education,daycare,무지개어린이집,36.1032823276498,128.419816551798,경북 구미시 진평4길 37,054-473-5577,,kakao,7899039,kakao
education,kindergarten,인동초등학교 병설유치원,36.10669843786038,128.42225447794922,경북 구미시 여헌로3길 34,054-471-7737,,kakao,23538299,kakao
education,daycare,정원어린이집,36.11156593138737,128.42797054072213,경북 구미시 수출대로35길 8-12,054-471-0918,,kakao,27185346,kakao
education,daycare,꼬마작은별어린이집,36.1113909269986,128.423898309601,경북 구미시 수출대로27길 11,054-472-2995,,kakao,13066179,kakao
education,daycare,삼성전자구미어린이집,36.10652193294341,128.41684545772696,경북 구미시 3공단3로 302,054-479-8667,,kakao,14694341,kakao
education,daycare,꼬망쎄어린이집,36.1134469096397,128.424992703702,경북 구미시 수출대로29길 32,054-472-5873,,kakao,9676125,kakao
education,kindergarten,소나무유치원,36.1133380084794,128.423844617725,경북 구미시 검성로 31-5,054-472-6660,,kakao,19338144,kakao
education,kindergarten,사랑유치원,36.1180653739758,128.427022017747,경북 구미시 검성로 93,054-472-5330,,kakao,9118852,kakao
education,daycare,대자연어린이집,36.1279317421936,128.456596379571,경북 구미시 4공단로12길 30-1,054-473-7171,,kakao,20195631,kakao
education,kindergarten,대자연유치원,36.127811736455826,128.45623871260648,경북 구미시 4공단로12길 30,054-473-7175,,kakao,25972262,kakao
education,daycare,꿈의공간어린이집,36.1190116112069,128.431699467976,경북 구미시 검성로 103-42,054-473-1356,,kakao,9726203,kakao
education,kindergarten,나리유치원,36.1392239459787,128.439963252312,경북 구미시 산동읍 산호대로41길 14-42,054-473-7516,,kakao,27507271,kakao
education,daycare,IBK구미사랑어린이집,36.13893431821564,128.4388692393794,경북 구미시 산동읍 산호대로41길 5,054-472-6777,,kakao,1740080975,kakao
education,daycare,은혜어린이집,36.15461067028794,128.3041574468468,경북 구미시 봉곡북로 1,054-442-1086,,kakao,10674077,kakao
education,daycare,샛별어린이집,36.1557463541441,128.305209667289,경북 구미시 봉곡북로7길 25,054-444-5254,,kakao,185108273,kakao
education,daycare,해오름어린이집,36.1551132475862,128.306330360369,경북 구미시 봉곡북로7길 6,054-442-7003,,kakao,10878152,kakao
education,daycare,이화어린이집,36.1516637753196,128.307313164307,경북 구미시 봉곡로17길 32,054-444-0370,,kakao,8534186,kakao
education,daycare,육영어린이집,36.1590899938306,128.307236437901,경북 구미시 봉곡서로 82,054-455-6066,,kakao,9944141,kakao
education,daycare,숲속나라어린이집,36.15479122491624,128.3110586483487,경북 구미시 봉곡로23길 6-6,054-600-3379,,kakao,15763243,kakao
education,daycare,꿈모아어린이집,36.1533381298488,128.31241673894,경북 구미시 봉곡남로15길 46,054-455-1292,,kakao,8315656,kakao
education,daycare,이편한숲어린이집,36.155855766308996,128.31234758031576,경북 구미시 봉곡로24길 33-11,054-457-4700,,kakao,1658902278,kakao
education,daycare,아이세상어린이집,36.1494125796405,128.315062417243,경북 구미시 봉곡남로18길 5-52,054-442-1056,,kakao,17341157,kakao
education,daycare,요게벳어린이집,36.1510432881406,128.315258537497,경북 구미시 봉곡동로2길 4,054-442-4491,,kakao,8483857,kakao
education,daycare,은광어린이집,36.1525096723692,128.315647484074,경북 구미시 봉곡동로4길 7,054-442-3033,,kakao,8041734,kakao
education,kindergarten,라온유치원,36.15516852443767,128.31650418282248,경북 구미시 봉곡남로25길 40-5,054-442-7942,,kakao,26834300,kakao
education,daycare,미소어린이집,36.1508442265986,128.317299681314,경북 구미시 봉곡남로 148,054-442-4255,,kakao,15845540,kakao
education,kindergarten,도량초등학교 병설유치원,36.14471826723258,128.32008370731242,경북 구미시 송동로7길 15-14,054-442-2448,,kakao,23537364,kakao
education,daycare,이소어린이집,36.1454434847556,128.320346957293,경북 구미시 송동로7길 31-5,054-444-2923,,kakao,27372146,kakao
education,daycare,통통어린이집,36.14632498363902,128.32400267473997,경북 구미시 송동로 154,054-451-9959,,kakao,19506304,kakao
education,kindergarten,문장유치원,36.1509554924188,128.328110563655,경북 구미시 고아읍 문장로23길 22-19,054-441-2433,,kakao,23522052,kakao
education,kindergarten,리라유치원,36.15576637565683,128.32911065790302,경북 구미시 고아읍 들성로3길 35,054-443-8080,,kakao,13137977,kakao
education,daycare,리라어린이집,36.1553215216893,128.32932649743165,경북 구미시 고아읍 들성로3길 33-1,054-443-6160,,kakao,8967064,kakao
education,daycare,도량캐슬어린이집,36.14304528382211,128.33038586933503,경북 구미시 문장로 111,054-457-1717,,kakao,1478362769,kakao
education,kindergarten,문장초등학교병설유치원,36.14838847060259,128.33270495602477,경북 구미시 고아읍 문장로 168,054-443-4926,,kakao,23537366,kakao
education,daycare,연꽃어린이집,36.14348782043341,128.3321620836967,경북 구미시 문장로 112-1,054-458-0233,,kakao,9232586,kakao
education,daycare,야베스어린이집,36.1534830680835,128.333228966115,경북 구미시 고아읍 문장로22길 40,,,kakao,14567469,kakao
education,daycare,둥근별어린이집,36.151654910435,128.333611357927,경북 구미시 고아읍 문장로22길 30,054-443-7020,,kakao,10367798,kakao
education,kindergarten,금오유치원,36.151975761017376,128.3337690170863,경북 구미시 고아읍 문장로22길 32,054-441-2697,,kakao,10214236,kakao
education,daycare,늘푸른몬테소리어린이집,36.1438076791378,128.334593965548,경북 구미시 문장로14길 37,054-453-2182,,kakao,17372777,kakao
education,daycare,원호푸르지오어린이집,36.15736786067469,128.33533159744175,경북 구미시 고아읍 들성로 121,054-455-1555,,kakao,19501020,kakao
education,kindergarten,도산유치원,36.14157140311689,128.3327018380879,경북 구미시 문장로 100,054-458-2058,,kakao,8893020,kakao
education,daycare,햇살포레어린이집,36.1545482933359,128.3392773400437,경북 구미시 고아읍 평성로9길 7-12,054-451-9979,,kakao,44019010,kakao
education,daycare,아기별어린이집,36.1407650341645,128.334306894747,경북 구미시 문장로12길 20,054-443-4403,,kakao,9196708,kakao
education,kindergarten,명지유치원,36.14059616915624,128.3350661649981,경북 구미시 문장로12안길 14-4,054-451-2732,,kakao,17195203,kakao
education,daycare,리첼어린이집,36.1583987234767,128.3378371199,경북 구미시 고아읍 들성로 171-21,054-471-0016,,kakao,293866573,kakao
education,daycare,명지창의성어린이집,36.139865168664066,128.33492046205004,경북 구미시 문장로10안길 10-30,054-451-2729,,kakao,8995002,kakao
education,daycare,자이관리동어린이집,36.151805383632784,128.34352744828402,경북 구미시 고아읍 문성로 20,,,kakao,1810734089,kakao
education,daycare,도담어린이집,36.1523393651064,128.345247715655,경북 구미시 고아읍 문성로 30,054-442-6979,,kakao,1804113596,kakao
education,daycare,꿈꾸는서희어린이집,36.15276441702679,128.3451927523045,경북 구미시 고아읍 문성로 30,054-453-5101,,kakao,1825532441,kakao
education,daycare,구미어린이집,36.1356448692566,128.331545125927,경북 구미시 문장로 23-8,054-452-0114,,kakao,27505457,kakao
education,daycare,하버드어린이집,36.1440502206293,128.346414934383,경북 구미시 지산15길 17-3,,,kakao,27369264,kakao
education,kindergarten,아이누리유치원,36.1610903046269,128.344683801161,경북 구미시 고아읍 들성로9길 3-24,054-455-4212,,kakao,10599279,kakao
education,daycare,문성아롱별어린이집,36.16323025427,128.34261778410817,경북 구미시 고아읍 들성로7길 21,054-456-9040,,kakao,27369007,kakao
education,kindergarten,구미문성초등학교 병설유치원,36.16191969022041,128.34569589400326,경북 구미시 고아읍 들성로9길 13,054-514-7776,,kakao,1570795142,kakao
education,daycare,기린아이어린이집,36.1477080921546,128.412267301842,경북 구미시 흥안로 60,054-473-9933,,kakao,1388492476,kakao
education,daycare,대백봄빛어린이집,36.1472415871087,128.412320045551,경북 구미시 흥안로 63,054-475-7450,,kakao,7822819,kakao
education,kindergarten,신기초등학교 병설유치원,36.12621925138823,128.3648212461927,경북 구미시 신비로3길 37-8,054-464-4218,,kakao,23539533,kakao
education,daycare,꼬마숲속어린이집,36.14671381428066,128.41359384735634,경북 구미시 흥안로 43,054-475-1697,,kakao,26643254,kakao
education,daycare,인혜어린이집,36.1254995769651,128.363763560868,경북 구미시 야은로45길 22-37,054-463-1124,,kakao,10748436,kakao
education,daycare,피카소어린이집,36.1249478360476,128.363785116769,경북 구미시 야은로45길 18-17,054-463-1883,,kakao,9539459,kakao
education,daycare,문성노블리안어린이집,36.1603662376919,128.347529580151,경북 구미시 고아읍 당산로1길 9,054-451-6888,,kakao,367425543,kakao
education,daycare,아이맘어린이집,36.1474771567624,128.414959710282,경북 구미시 흥안로 46,054-476-9455,,kakao,15505716,kakao
education,daycare,숲소리어린이집,36.1250360904018,128.362364879189,경북 구미시 야은로43길 14-3,054-464-1883,,kakao,12641083,kakao
education,daycare,시립옥계어린이집,36.1384109707099,128.412588338651,경북 구미시 거양길 18-19,054-476-8821,,kakao,8437239,kakao
education,kindergarten,성심유치원,36.12451927616308,128.3624847941401,경북 구미시 야은로45길 13,054-463-0775,,kakao,8445786,kakao
education,daycare,e파크밸리어린이집,36.12292910785448,128.36648923806854,경북 구미시 신비로7길 10,054-461-5537,,kakao,449008120,kakao
education,kindergarten,옥계초등학교 병설유치원,36.1404970289144,128.41434884586587,경북 구미시 산호대로23길 21-7,054-475-0015,,kakao,9262484,kakao
education,kindergarten,양포초등학교 병설유치원,36.1454565299347,128.416052222931,경북 구미시 흥안로3길 30,070-7091-5247,,kakao,23537368,kakao
education,daycare,초록나무어린이집,36.14069420652874,128.41497341610997,경북 구미시 산호대로25길 39,054-605-3202,,kakao,25887209,kakao
education,daycare,그리심어린이집,36.146294894848,128.416787252151,경북 구미시 흥안로3길 15,054-473-7988,,kakao,24992004,kakao
education,kindergarten,꽃가람유치원,36.1631766214634,128.346670870795,경북 구미시 고아읍 들성로9길 20-57,054-451-3399,,kakao,605805935,kakao
education,kindergarten,보눔유치원,36.14977290751018,128.41719647795105,경북 구미시 흥안로2길 37,054-474-5577,,kakao,27165723,kakao
education,kindergarten,늘푸른유치원,36.1391707835132,128.414788301875,경북 구미시 산호대로23길 19,054-471-7900,,kakao,10267344,kakao
education,daycare,사랑빛어린이집,36.142197048921254,128.41651801795453,경북 구미시 산호대로25길 53,070-8690-4312,,kakao,455859830,kakao
education,kindergarten,구미신평초등학교 병설유치원,36.1217333188109,128.365302269952,경북 구미시 신비로4길 15,054-715-5476,,kakao,10138837,kakao
education,daycare,빛나라어린이집,36.1652639472333,128.346964407698,경북 구미시 고아읍 들성로11길 46-7,,,kakao,15764684,kakao
education,daycare,까치어린이집,36.137778037820596,128.41521210733427,경북 구미시 산호대로25길 5,054-473-1403,,kakao,25994547,kakao
education,daycare,LIG 디펜스&에어로스페이스 희망어린이집,36.1240975997911,128.358354437141,경북 구미시 칠성로6길 26,054-462-2014,,kakao,26351854,kakao
education,daycare,LIG디펜스&에어로스페이스 구미어린이집,36.12405051048402,128.35837472981254,경북 구미시 칠성로6길 26,054-462-2014,,kakao,1261973100,kakao
education,daycare,꿀단지어린이집,36.1417429254252,128.41786191672,경북 구미시 산호대로25길 53,054-474-8002,,kakao,1645764088,kakao
education,daycare,구미경찰서어린이집,36.1219169896073,128.360564942571,경북 구미시 칠성로2길 32-1,054-462-0310,,kakao,522430086,kakao
education,daycare,베르디움어린이집,36.146230458521124,128.42706991539237,경북 구미시 산동읍 해마루공원로 115,054-475-0409,,kakao,385065280,kakao
education,daycare,호반베베어린이집,36.14506204880372,128.4281742172193,경북 구미시 산동읍 해마루공원로 115,,,kakao,1180424266,kakao
education,daycare,호반이든어린이집,36.14521358892532,128.4275570107759,경북 구미시 산동읍 해마루공원로 115,054-471-3787,,kakao,1190942665,kakao
education,daycare,호반아이사랑어린이집,36.14516670032647,128.42748394419002,경북 구미시 산동읍 해마루공원로 115,054-471-3112,,kakao,690613660,kakao
education,daycare,호반어린이집,36.14514963117362,128.42695034149148,경북 구미시 산동읍 해마루공원로 115,054-607-4161,,kakao,1757410457,kakao
education,daycare,작은보물어린이집,36.14515257223728,128.4269303962668,경북 구미시 산동읍 해마루공원로 115,054-471-8064,,kakao,144179766,kakao
education,daycare,은정어린이집,36.14513969445113,128.42695238354048,경북 구미시 산동읍 해마루공원로 115,054-473-1123,,kakao,15502609,kakao
education,daycare,하랑어린이집,36.1454761934349,128.426088540873,경북 구미시 산동읍 해마루공원로 115,054-471-2117,,kakao,1414914774,kakao
education,kindergarten,드림유치원,36.14401294034424,128.427888553762,경북 구미시 산동읍 해마루공원로 115,054-475-9390,,kakao,1656595975,kakao
education,daycare,골드클래스어린이집,36.15683269481921,128.43072786150387,경북 구미시 산동읍 신당3로 43,054-475-6864,,kakao,1389054456,kakao
education,daycare,큰사랑골드어린이집,36.15686227186211,128.43149512186372,경북 구미시 산동읍 신당3로 43,054-474-0484,,kakao,1821946860,kakao
education,daycare,골드숲어린이집,36.156857222606575,128.4315405889564,경북 구미시 산동읍 신당3로 43,054-607-7931,,kakao,883188739,kakao
education,kindergarten,구미원당초등학교 병설유치원,36.1443716888228,128.424854203124,경북 구미시 산동읍 옥계신당로9길 21,054-715-5336,,kakao,737620808,kakao
education,daycare,골드키즈어린이집,36.1568779771486,128.433119971085,경북 구미시 산동읍 신당3로 15,054-608-0641,,kakao,509591598,kakao
education,daycare,골드아이봄어린이집,36.15741044213195,128.4307172471277,경북 구미시 산동읍 신당3로 43,054-456-4587,,kakao,1204592720,kakao
education,daycare,우미키즈어린이집,36.1421216870003,128.428173126358,경북 구미시 해마루공원로 111,054-472-9640,,kakao,2134025564,kakao
education,daycare,시립행복어린이집,36.14273336306815,128.4256178197933,경북 구미시 옥계북로 43-52,054-475-1777,,kakao,14512775,kakao
education,daycare,시립산동어린이집,36.158127227104906,128.4299302006368,경북 구미시 산동읍 신당3로1길 4,054-472-2670,,kakao,9123809,kakao
education,daycare,우미어린이집,36.141929735314754,128.42802299686744,경북 구미시 해마루공원로 111,054-471-8404,,kakao,27370960,kakao
education,daycare,우미린관리동어린이집,36.1416683680602,128.427270570515,경북 구미시 해마루공원로 111,054-471-8400,,kakao,731346985,kakao
education,daycare,고운꿈어린이집,36.1581402133012,128.434268602399,경북 구미시 산동읍 신당3로 16,054-608-2838,,kakao,686114820,kakao
education,daycare,센트럴파크어린이집,36.1581402133012,128.434268602399,경북 구미시 산동읍 신당3로 16,054-472-2003,,kakao,1788420538,kakao
education,daycare,예지킨더어린이집,36.1581402133012,128.434268602399,경북 구미시 산동읍 신당3로 16,054-481-3800,,kakao,1361137028,kakao
education,daycare,린어린이집,36.15881223372708,128.43165169848854,경북 구미시 산동읍 신당3로 16,054-461-5825,,kakao,1371370273,kakao
education,daycare,레인보우어린이집,36.158680878037444,128.43253828443994,경북 구미시 산동읍 신당3로 16,054-604-9699,,kakao,261153642,kakao
education,daycare,옥계휴먼시아어린이집,36.14154090055981,128.42465635399356,경북 구미시 옥계북로 43-48,054-471-6004,,kakao,14506440,kakao
education,daycare,꿈빛어린이집,36.14146098412625,128.42470823566396,경북 구미시 옥계북로 43-48,054-600-2248,,kakao,25845253,kakao
education,daycare,나무어린이집,36.159357234999476,128.4334740212829,경북 구미시 산동읍 신당3로 16,054-476-1126,,kakao,169672572,kakao
education,daycare,봄날어린이집,36.15935179918347,128.43355170822957,경북 구미시 산동읍 신당3로 16,054-607-3004,,kakao,2118168579,kakao
education,daycare,한울어린이집,36.14062229487385,128.4343484536819,경북 구미시 산호대로39길 25,054-476-4761,,kakao,9580885,kakao
education,daycare,S클래스어린이집,36.139954403647444,128.4301424435294,경북 구미시 해마루공원로 80,054-474-7224,,kakao,665941101,kakao
education,daycare,중흥어린이집,36.13994867611747,128.4303956370753,경북 구미시 해마루공원로 80,054-604-7158,,kakao,1127767758,kakao
education,daycare,중흥S어린이집,36.13993664684509,128.4303465367088,경북 구미시 해마루공원로 80,054-604-7159,,kakao,27371713,kakao
education,kindergarten,해마루초등학교 병설유치원,36.13998319816438,128.4333114078144,경북 구미시 산호대로 953,054-473-2284,,kakao,27372028,kakao
education,daycare,우미파크어린이집,36.16003063816696,128.43375297945175,경북 구미시 산동읍 신당3로 16,054-476-0409,,kakao,152084733,kakao
education,kindergarten,구미신당초등학교 병설유치원,36.1607845931975,128.431140831859,경북 구미시 산동읍 신당4로 29,,,kakao,739031622,kakao
education,daycare,샤론어린이집,36.13995554973057,128.43561946615176,경북 구미시 산호대로39길 25,054-473-3350,,kakao,27371350,kakao
education,kindergarten,옥계동부초등학교 병설유치원,36.13911135391188,128.42769195477294,경북 구미시 옥계북로 89,054-474-5323,,kakao,27137203,kakao
education,daycare,해마루어린이집,36.13887866114437,128.4320859456223,경북 구미시 산호대로 925,054-473-9994,,kakao,27368176,kakao
education,daycare,동심누리어린이집,36.16134092373092,128.42854727252936,경북 구미시 산동읍 신당4로 56,054-471-3103,,kakao,2120552255,kakao
education,daycare,아람어린이집,36.13912137746293,128.42503476095163,경북 구미시 옥계북로 69,054-474-8410,,kakao,17748590,kakao
education,daycare,별빛예가어린이집,36.161457981495815,128.42757260094706,경북 구미시 산동읍 신당4로 56,054-475-7519,,kakao,2133582199,kakao
education,daycare,더스카이어린이집,36.13808390907826,128.43155491896573,경북 구미시 산호대로 925,054-475-2344,,kakao,27368866,kakao
education,kindergarten,산동숲유치원,36.16521320223527,128.45820614231644,경북 구미시 산동읍 강동로 816-16,054-475-4750,,kakao,1399874157,kakao
education,kindergarten,산동초등학교 병설유치원,36.167526123862054,128.4470133459187,경북 구미시 산동읍 강동로 936-18,054-471-6253,,kakao,11471827,kakao
education,daycare,시립중흥장미어린이집,36.16358297866172,128.44057430187618,경북 구미시 산동읍 신당인덕1로 135,054-471-3746,,kakao,641665708,kakao
education,daycare,중흥에코시티어린이집,36.16453331964281,128.4402282992325,경북 구미시 산동읍 신당인덕1로 135,054-471-6077,,kakao,796334262,kakao
education,daycare,국공립 중흥에듀포레어린이집,36.16037442943553,128.4379219512548,경북 구미시 산동읍 신당인덕3로 16,054-7142-2003,,kakao,1693410977,kakao
education,daycare,중흥햇빛사랑어린이집,36.162998287453185,128.4389144652057,경북 구미시 산동읍 신당인덕1로 135,054-604-6183,,kakao,1423191550,kakao
education,daycare,해맑음어린이집,36.164474495251554,128.43890033205722,경북 구미시 산동읍 신당인덕1로 135,054-476-0077,,kakao,1581079338,kakao
education,kindergarten,구미인덕초등학교 병설유치원,36.16239085547909,128.4371953404938,경북 구미시 산동읍 신당인덕3로 25,054-714-3284,,kakao,1105235881,kakao
education,daycare,라온제나어린이집,36.163348613620556,128.43743174947843,경북 구미시 산동읍 신당인덕3로 1,054-471-0158,,kakao,834858474,kakao
education,daycare,풀하우스어린이집,36.1616374309792,128.436301468194,경북 구미시 산동읍 신당인덕3로 1,054-600-9992,,kakao,1076587807,kakao
education,daycare,우미숲어린이집,36.16164024038879,128.43629262937742,경북 구미시 산동읍 신당인덕3로 1,054-472-1178,,kakao,150247240,kakao
education,kindergarten,무을초등학교 병설유치원 (휴원),36.2642493495577,128.19741947380942,경북 구미시 무을면 송삼1길 33,,,kakao,23537365,kakao
education,kindergarten,덕촌초등학교 병설유치원,36.263026114434794,128.25425096780614,경북 구미시 옥성면 선상서로 584,054-482-1187,,kakao,9793732,kakao
education,daycare,등대아이어린이집,36.2400974654019,128.297202180458,경북 구미시 선산읍 선산중앙로8길 10,,,kakao,2144997950,kakao
education,daycare,시립선주어린이집,36.243203323354,128.299473925414,경북 구미시 선산읍 선산중앙로15길 6-1,054-481-3773,,kakao,10487269,kakao
education,kindergarten,선산유치원,36.24730689881252,128.29666496803156,경북 구미시 선산읍 단계동길 109-11,054-481-7040,,kakao,20183694,kakao
education,kindergarten,선산초등학교병설유치원,36.244014896915886,128.30108038236534,경북 구미시 선산읍 선산중앙로 87-4,054-482-0493,,kakao,9134483,kakao
education,kindergarten,태양유치원,36.21415902612188,128.3269807255759,경북 구미시 고아읍 관심1길 58-21,054-481-1141,,kakao,23097916,kakao
education,daycare,태양어린이집,36.2140192687972,128.32723190488,경북 구미시 고아읍 관심1길 58-19,054-481-1141,,kakao,8618614,kakao
education,daycare,구미교리e편한어린이집,36.252794641951844,128.30570404277097,경북 구미시 선산읍 선산향교길 16,054-481-3311,,kakao,1880723002,kakao
education,kindergarten,고아초등학교 병설유치원,36.21229137486852,128.32962463581998,경북 구미시 고아읍 관심1길 46,054-481-3573,,kakao,24723814,kakao
education,daycare,고아어린이집,36.2124065556974,128.337724110307,경북 구미시 고아읍 관심길 99,054-481-3593,,kakao,8702667,kakao
education,daycare,명인어린이집,36.1867794548218,128.348875718158,경북 구미시 고아읍 선산대로 650,,,kakao,14694453,kakao
education,kindergarten,남계초등학교 병설유치원,36.181309577953705,128.34879748440866,경북 구미시 고아읍 봉한3길 16,054-454-8512,,kakao,21204154,kakao
education,kindergarten,해평초등학교 향산분교장 병설유치원,36.226145595702,128.371270210003,경북 구미시 해평면 강동로 2028,054-474-3509,,kakao,27196186,kakao
education,kindergarten,해평초등학교 병설유치원,36.20353234916553,128.3908312614555,경북 구미시 해평면 월호2길 5,054-474-6269,,kakao,9581458,kakao
education,daycare,시립해평어린이집,36.1981896884213,128.391830732443,경북 구미시 해평면 강동로 1652,054-474-9596,,kakao,10916176,kakao
education,daycare,은빛놀이방,36.3015059943858,128.327679791636,경북 구미시 도개면 궁기4길 13-42,,,kakao,10071966,kakao
